Assay,Train R2,Test R2,Train RMSE,Test RMSE,Test MAE,Test MAPE
ORAC,0.9902933142457035,0.9891099591844749,2.0911466780394456,2.137801343791077,1.5906997008283716,1.6948346394983758
FRAP,0.9821348542773389,0.9803923559338082,2.739103448472599,2.761092790790505,2.0339821957807103,2.1234431161884153
DPPH,0.9683702354209196,0.9684080494542023,2.0556258146078266,2.027982014759836,1.5108225939697741,3.0318898880689162
ABTS,0.9774049631903654,0.9742485366821936,2.7041682946932335,2.7936189662041495,2.09366466812049,2.5191486536711922
TPC,0.9925986166255433,0.9920872795144661,4.142799873352878,4.183947528195954,3.1440166628451145,2.3254334857570713
