Assay,Count,Mean,Median,Std Dev,Min,Q1,Q3,Max
ORAC,10000,100.00184590614967,100.52365347849081,21.080339388645978,34.136653854366045,85.59014072222038,115.29971280052828,157.53473762866216
FRAP,10000,100.04083810838311,100.37778077830488,20.341433956171254,39.50851606291323,86.13384490648613,114.51732389677207,163.64704595562836
DPPH,10000,52.68292679574974,52.553288328337096,11.529369096261982,14.308526538760821,44.67378732056811,60.800852845271436,88.444757228723
ABTS,10000,87.26028634941005,87.60777642765545,17.87601415840522,32.07406468533995,75.05660050696186,100.14579936613883,138.47149455542188
TPC,10000,151.15060221374995,150.84301303491077,47.93578347610942,44.88478364149981,111.55696498178011,190.3155489958399,260.77179158229814
