,sum_sq,df,F,PR(>F)
C(Solvent),95689.73761689516,5.0,117.51083579618053,1.3099714605278726e-81
C(Algal_Class),14211.135541423728,6.0,14.543203697309343,2.6210937799124343e-15
Residual,80127.67603690663,492.0,,
