PC,Variance
PC1,0.8698564731511392
PC2,0.08553890893852631
PC3,0.0195625735831989
PC4,0.007707610919237725
PC5,0.005411348161933225
PC6,0.0052677778500681395
PC7,0.0023647529716765434
PC8,0.0015069286080095525
PC9,0.0010996896189537913
PC10,0.0006803761043600944
