sample_id,species,wn_1000,wn_1020,wn_1050,wn_1100,wn_1160,wn_1200,wn_1300,wn_1400,wn_1450,wn_1550,wn_1650,wn_1700,wn_1750,wn_2800,wn_2850,wn_2900,wn_2950,wn_3000,wn_3200,wn_3300,wn_3400,wn_3500,activity_MeOH_70,DPPH_MeOH_70,ABTS_MeOH_70,FRAP_MeOH_70,TPC_MeOH_70,activity_EtOH_70,DPPH_EtOH_70,ABTS_EtOH_70,FRAP_EtOH_70,TPC_EtOH_70,activity_EtOAc,DPPH_EtOAc,ABTS_EtOAc,FRAP_EtOAc,TPC_EtOAc,activity_Acetone_100,DPPH_Acetone_100,ABTS_Acetone_100,FRAP_Acetone_100,TPC_Acetone_100,activity_MeCN_50,DPPH_MeCN_50,ABTS_MeCN_50,FRAP_MeCN_50,TPC_MeCN_50
FTIR_S001,Porphyridium purpureum,82.3058772775388,55.8014385907604,81.47256921568408,73.80470194940429,70.10198864514874,53.78950553611125,67.31970997637467,67.17388698827928,51.66123348541745,78.27438614107778,53.814848430114026,76.67775537797333,89.80256474842409,50.777388463099406,88.91551647051959,72.38171990125849,75.59835207309332,48.87374530803552,48.166618394011664,70.28475310632143,65.07150743226185,51.999941085561865,0.0,0.0,0.0,0.0,0.0,0.0,0.0,0.0,0.0,0.0,0.0,0.0,0.0,0.0,0.0,0.0,0.0,0.0,0.0,0.0,0.0,0.0,0.0,0.0,0.0
