sample_id,type,A260,A280,ratio_260_280,conc_ng_per_uL
DNA_sample_1,dsDNA,54.166438328874285,15.37482030508602,3.5230615548043787,2708.321916443714
RNA_sample_1,RNA,63.479992047974754,12.393646891312784,5.121978430131851,2539.1996819189903
protein_contaminated,mixed,36.70254246174349,41.05702000675882,0.8939407306156537,1835.1271230871746
